{
	"y_top": 50,
	"y_top_extra": 120,
	"N": [400, 500, 600, 700, 800, 900, 1000, 1100, 1200, 1300, 1400, 1500,
		1600],
	"methods":
	[
		{
			"name": "neopt",
			"runtimes": [1.465122, 2.773250, 4.717827, 7.511213, 11.389843,
			15.893691, 21.378414, 28.685242, 39.281281, 52.478832, 65.634033,
			88.351936, 110.780083]
		},
		{
			"name": "blas",
			"runtimes": [0.059127, 0.100501, 0.151246, 0.211067, 0.262765,
			0.359151, 0.488576, 0.651596, 0.865874, 1.066964, 1.322046,
			1.648984, 1.973090]
		},
		{
			"name": "opt_m",
			"runtimes": [0.269472, 0.529345, 0.900567, 1.428457, 2.110324,
			2.903776, 3.891063, 5.109972, 6.490645, 9.059606, 11.738103,
			14.449757, 17.616587]
		}
	]
}
